-- phpMyAdmin SQL Dump
-- version 4.5.4.1deb2ubuntu2
-- http://www.phpmyadmin.net
--
-- Host: localhost
-- Generation Time: Jan 25, 2018 at 06:47 PM
-- Server version: 5.7.21-0ubuntu0.16.04.1
-- PHP Version: 7.0.22-0ubuntu0.16.04.1

SET SQL_MODE = "NO_AUTO_VALUE_ON_ZERO";
SET time_zone = "+00:00";


/*!40101 SET @OLD_CHARACTER_SET_CLIENT=@@CHARACTER_SET_CLIENT */;
/*!40101 SET @OLD_CHARACTER_SET_RESULTS=@@CHARACTER_SET_RESULTS */;
/*!40101 SET @OLD_COLLATION_CONNECTION=@@COLLATION_CONNECTION */;
/*!40101 SET NAMES utf8mb4 */;

--
-- Database: `cookbook`
--

-- --------------------------------------------------------

--
-- Table structure for table `comments`
--

CREATE TABLE `comments` (
  `id` int(10) UNSIGNED NOT NULL,
  `body` varchar(255) COLLATE utf8mb4_unicode_ci NOT NULL,
  `user_id` int(11) NOT NULL,
  `recipe_id` int(11) NOT NULL,
  `created_at` timestamp NULL DEFAULT NULL,
  `updated_at` timestamp NULL DEFAULT NULL
) ENGINE=InnoDB DEFAULT CHARSET=utf8mb4 COLLATE=utf8mb4_unicode_ci;

--
-- Dumping data for table `comments`
--

INSERT INTO `comments` (`id`, `body`, `user_id`, `recipe_id`, `created_at`, `updated_at`) VALUES
(1, 'mnogo dobre', 1, 18, '2018-01-24 14:45:49', '2018-01-24 14:45:49'),
(2, 'da, taka e', 2, 18, '2018-01-24 14:46:20', '2018-01-24 14:46:20'),
(3, 'my first comment', 1, 50, '2018-01-25 10:21:35', '2018-01-25 10:21:35'),
(4, 'blah blah blah blah blah', 3, 50, '2018-01-25 10:23:25', '2018-01-25 10:23:25'),
(5, 'blah blah blah', 3, 49, '2018-01-25 10:26:30', '2018-01-25 10:26:30'),
(6, 'blah blah blah blah', 3, 44, '2018-01-25 10:40:07', '2018-01-25 10:40:07'),
(7, 'blah blah blah blah blah blah', 2, 50, '2018-01-25 10:40:46', '2018-01-25 10:40:46'),
(8, 'blah blah blah blah blah blah', 2, 49, '2018-01-25 10:41:45', '2018-01-25 10:41:45'),
(9, 'blah blah blah blah blah blah', 2, 45, '2018-01-25 10:42:11', '2018-01-25 10:42:11'),
(10, 'blah blah blah blah blah blah', 2, 28, '2018-01-25 10:42:26', '2018-01-25 10:42:26'),
(11, 'blah blah blah blah blah blah', 2, 42, '2018-01-25 10:43:06', '2018-01-25 10:43:06'),
(12, 'blah blah blah blah blah blah', 3, 35, '2018-01-25 10:44:14', '2018-01-25 10:44:14'),
(13, 'blah blah blah blah blah blah', 1, 32, '2018-01-25 10:46:55', '2018-01-25 10:46:55'),
(14, 'blah blah blah blah blah blah', 1, 48, '2018-01-25 10:47:08', '2018-01-25 10:47:08');

-- --------------------------------------------------------

--
-- Table structure for table `favourites`
--

CREATE TABLE `favourites` (
  `id` int(10) UNSIGNED NOT NULL,
  `recipe_id` int(10) UNSIGNED NOT NULL,
  `user_id` int(10) UNSIGNED NOT NULL,
  `created_at` timestamp NULL DEFAULT NULL,
  `updated_at` timestamp NULL DEFAULT NULL
) ENGINE=InnoDB DEFAULT CHARSET=utf8mb4 COLLATE=utf8mb4_unicode_ci;

--
-- Dumping data for table `favourites`
--

INSERT INTO `favourites` (`id`, `recipe_id`, `user_id`, `created_at`, `updated_at`) VALUES
(2, 18, 2, '2018-01-23 19:35:15', '2018-01-23 19:35:15'),
(8, 18, 1, '2018-01-24 17:29:14', '2018-01-24 17:29:14'),
(9, 19, 1, '2018-01-24 17:29:39', '2018-01-24 17:29:39'),
(10, 1, 1, '2018-01-24 17:30:32', '2018-01-24 17:30:32'),
(11, 25, 1, '2018-01-24 19:42:29', '2018-01-24 19:42:29'),
(12, 50, 3, '2018-01-25 10:39:41', '2018-01-25 10:39:41'),
(13, 44, 3, '2018-01-25 10:39:53', '2018-01-25 10:39:53'),
(14, 50, 2, '2018-01-25 10:41:08', '2018-01-25 10:41:08'),
(15, 28, 2, '2018-01-25 10:42:28', '2018-01-25 10:42:28'),
(16, 47, 3, '2018-01-25 10:43:47', '2018-01-25 10:43:47'),
(17, 22, 3, '2018-01-25 10:44:29', '2018-01-25 10:44:29'),
(18, 40, 2, '2018-01-25 10:45:13', '2018-01-25 10:45:13'),
(19, 36, 2, '2018-01-25 10:45:27', '2018-01-25 10:45:27'),
(20, 24, 2, '2018-01-25 10:45:46', '2018-01-25 10:45:46'),
(21, 50, 1, '2018-01-25 10:46:27', '2018-01-25 10:46:27'),
(22, 42, 1, '2018-01-25 10:46:40', '2018-01-25 10:46:40'),
(23, 32, 1, '2018-01-25 10:46:50', '2018-01-25 10:46:50'),
(24, 46, 1, '2018-01-25 10:47:26', '2018-01-25 10:47:26');

-- --------------------------------------------------------

--
-- Table structure for table `migrations`
--

CREATE TABLE `migrations` (
  `id` int(10) UNSIGNED NOT NULL,
  `migration` varchar(255) COLLATE utf8mb4_unicode_ci NOT NULL,
  `batch` int(11) NOT NULL
) ENGINE=InnoDB DEFAULT CHARSET=utf8mb4 COLLATE=utf8mb4_unicode_ci;

--
-- Dumping data for table `migrations`
--

INSERT INTO `migrations` (`id`, `migration`, `batch`) VALUES
(1, '2014_10_12_000000_create_users_table', 1),
(2, '2014_10_12_100000_create_password_resets_table', 1),
(3, '2017_12_30_162243_create_recipes_table', 1),
(4, '2017_12_30_162308_create_comments_table', 1),
(5, '2018_01_02_173134_create_favourites_table', 1);

-- --------------------------------------------------------

--
-- Table structure for table `password_resets`
--

CREATE TABLE `password_resets` (
  `email` varchar(255) COLLATE utf8mb4_unicode_ci NOT NULL,
  `token` varchar(255) COLLATE utf8mb4_unicode_ci NOT NULL,
  `created_at` timestamp NULL DEFAULT NULL
) ENGINE=InnoDB DEFAULT CHARSET=utf8mb4 COLLATE=utf8mb4_unicode_ci;

-- --------------------------------------------------------

--
-- Table structure for table `recipes`
--

CREATE TABLE `recipes` (
  `id` int(10) UNSIGNED NOT NULL,
  `title` varchar(255) COLLATE utf8mb4_unicode_ci NOT NULL,
  `image` blob NOT NULL,
  `description` text COLLATE utf8mb4_unicode_ci NOT NULL,
  `ingredients` text COLLATE utf8mb4_unicode_ci NOT NULL,
  `category` varchar(255) COLLATE utf8mb4_unicode_ci NOT NULL,
  `user_id` int(11) NOT NULL,
  `created_at` timestamp NULL DEFAULT NULL,
  `updated_at` timestamp NULL DEFAULT NULL
) ENGINE=InnoDB DEFAULT CHARSET=utf8mb4 COLLATE=utf8mb4_unicode_ci;

--
-- Dumping data for table `recipes`
--

INSERT INTO `recipes` (`id`, `title`, `image`, `description`, `ingredients`, `category`, `user_id`, `created_at`, `updated_at`) VALUES
(1, 'Spicy Thai Basil Chicken', 0x696d616765732f4d5a75716c5872556b516c665948706e796d5051503378706250656d4155745563784855375546612e6a706567, 'Whisk chicken broth, oyster sauce, soy sauce, fish sauce, white sugar, and brown sugar together in a bowl until well blended.\r\n    Heat large skillet over high heat. Drizzle in oil. Add chicken and stir fry until it loses its raw color, 2 to 3 minutes. Stir in shallots, garlic, and sliced chilies. Continue cooking on high heat until some of the juices start to caramelize in the bottom of the pan, about 2 or 3 more minutes. Add about a tablespoon of the sauce mixture to the skillet; cook and stir until sauce begins to caramelize, about 1 minute.\r\n    Pour in the rest of the sauce. Cook and stir until sauce has deglazed the bottom of the pan. Continue to cook until sauce glazes onto the meat, 1 or 2 more minutes. Remove from heat.\r\n    Stir in basil. Cook and stir until basil is wilted, about 20 seconds. Serve with rice.', '1/3 cup chicken broth\r\n    1 tablespoon oyster sauce\r\n    1 tablespoon soy sauce, or as needed\r\n    2 teaspoons fish sauce\r\n    1 teaspoon white sugar\r\n    1 teaspoon brown sugar\r\n    2 tablespoons vegetable oil\r\n    1 pound skinless, boneless chicken thighs, coarsely chopped\r\n    1/4 cup sliced shallots\r\n    4 cloves garlic, minced\r\n    2 tablespoons minced Thai chilies, Serrano, or other hot pepper\r\n    1 cup very thinly sliced fresh basil leaves\r\n    2 cups hot cooked rice', 'main', 1, '2018-01-23 15:18:42', '2018-01-23 15:18:42'),
(2, 'Chicken Breasts with Balsamic Vinegar and Garlic', 0x696d616765732f6a365334306c63376c4877657978564d6f73716d6441734a517a6a4e756e637266423677497941662e6a706567, 'Season the chicken with salt and pepper. Rinse the mushrooms and pat dry. Season the flour with salt and pepper and dredge the chicken breasts in the flour mixture. Heat oil in a skillet over medium high heat and saute the chicken until it is nicely browned on one side (about 3 minutes).\r\n    Add the garlic. Turn the chicken breasts and scatter the mushrooms over them. Continue frying, shaking the skillet and stirring the mushrooms. Cook for about 3 minutes, then add the vinegar, broth, bay leaf and thyme. Cover tightly and simmer over medium low heat for 10 minutes, turning occasionally.\r\n    Transfer the chicken to a warm serving platter and cover with foil. Set aside. Continue simmering the sauce, uncovered, over medium high heat for about 7 minutes. Swirl in the butter or margarine and discard the bay leaf. Pour this mushroom sauce mixture over the chicken and serve.', '4 skinless, boneless chicken breasts\r\n    salt and pepper to taste\r\n    3/4 pound fresh mushrooms, sliced\r\n    2 tablespoons all-purpose flour\r\n    2 tablespoons olive oil\r\n    6 cloves garlic\r\n\r\n    1/4 cup balsamic vinegar\r\n    3/4 cup chicken broth\r\n    1 bay leaf\r\n    1/4 teaspoon dried thyme\r\n    1 tablespoon butter', 'main', 1, '2018-01-23 15:21:51', '2018-01-23 15:21:51'),
(3, 'Mexican-Style Shrimp Cocktail', 0x696d616765732f57505a5966586b51454d70655264454664756345513370706645735767727041696a356f334861492e6a706567, 'Place clam juice and oregano in a saucepan; bring to a boil over medium-high heat. Add shrimp and stir just until shrimp turn pink and are not quite cooked through, about 2 minutes. Transfer shrimp to a bowl with a slotted spoon. Reserve liquid. Let shrimp cool to room temperature.\r\n    Place chopped tomatoes, cucumbers, celery, red onion, and jalapenos is a mixing bowl. Add ketchup, cooking liquid from the shrimp, lime juice, cilantro, and hot sauce. Gently mix until ingredients are well blended.\r\n    Chop shrimp into bite-size pieces, leaving a few whole for garnishes. Stir chopped pieces into the vegetable mixture. Wrap mixing bowl with plastic wrap. Place reserved shrimp in a bowl; wrap with plastic wrap. Refrigerate shrimp cocktail and reserved shrimp until thoroughly chilled, 2 to 3 hours.\r\n    If mixture seems a bit thick, add a little tomato juice or pickle juice. Stir in avocado cubes. Serve, if possible, in clear glass bowls. Top with reserved whole shrimp and some cilantro leaves.', '1 cup clam juice\r\n    1/4 teaspoon dried oregano\r\n    1 pound large shrimp, peeled and deveined\r\n    1 1/4 cups peeled, seeded, diced ripe tomatoes\r\n    1 cup diced English cucumber\r\n    1/2 cup diced celery\r\n    1/2 cup finely diced red onion\r\n\r\n    2 tablespoons seeded and diced jalapeno peppers\r\n    1/2 cup ketchup\r\n    2 limes, juiced\r\n    2 tablespoons freshly chopped cilantro, plus more for garnish\r\n    Mexican-style hot sauce, to taste\r\n    1 large avocado, cubed', 'appetizers', 2, '2018-01-23 15:26:40', '2018-01-23 15:28:56'),
(4, 'Orange, Fig, and Gorgonzola Salad', 0x696d616765732f4f53354a47507631306d536c70415668536d61307a64424e6d415271385158584c513475447552502e6a706567, 'Combine lettuce, oranges, Gorgonzola cheese, and figs in a large bowl. Drizzle dressing over salad and toss to coat.', '2 heads romaine lettuce, chopped\r\n    2 oranges - peeled, pith removed, and cut into segments\r\n    1/2 cup crumbled Gorgonzola cheese\r\n\r\n    2 fresh figs, cut into 1-inch cubes\r\n    1/4 cup vinaigrette dressing, or to taste', 'salads', 2, '2018-01-23 15:35:31', '2018-01-23 15:35:31'),
(5, 'Flourless Chocolate Cake', 0x696d616765732f61634973477741786e6b384e316e584e3755413263344d58486976306636585a34353668327259372e6a706567, 'Preheat oven to 300 degrees F (150 degrees C). Grease one 10 inch round cake pan and set aside.\r\n    In a small saucepan over medium heat combine the water, salt and sugar. Stir until completely dissolved and set aside.\r\n    Either in the top half of a double boiler or in a microwave oven melt the bittersweet chocolate. Pour the chocolate into the bowl of an electric mixer.\r\n    Cut the butter into pieces and beat the butter into the chocolate, 1 piece at a time. Beat in the hot sugar-water. Slowly beat in the eggs, one at a time.\r\n    Pour the batter into the prepared pan. Have a pan larger than the cake pan ready, put the cake pan in the larger pan and fill the pan with boiling water halfway up the sides of the cake pan.\r\n    Bake cake in the water bath at 300 degrees F (150 degrees C) for 45 minutes. The center will still look wet. Chill cake overnight in the pan. To unmold, dip the bottom of the cake pan in hot water for 10 seconds and invert onto a serving plate.', '1/2 cup water\r\n    1/4 teaspoon salt\r\n    3/4 cup white sugar\r\n\r\n    18 (1 ounce) squares bittersweet chocolate\r\n    1 cup unsalted butter\r\n    6 eggs', 'desserts', 2, '2018-01-23 15:37:45', '2018-01-23 15:37:45'),
(6, 'Marinara Sauce', 0x696d616765732f4f304762645950644e4a353053736f496231645a63784c4866414b364f74613652565238384d77782e6a706567, 'In a food processor place Italian tomatoes, tomato paste, chopped parsley, minced garlic, oregano, salt, and pepper. Blend until smooth.\r\n    In a large skillet over medium heat saute the finely chopped onion in olive oil for 2 minutes. Add the blended tomato sauce and white wine.\r\n    Simmer for 30 minutes, stirring occasionally.', '2 (14.5 ounce) cans stewed tomatoes\r\n    1 (6 ounce) can tomato paste\r\n    4 tablespoons chopped fresh parsley\r\n    1 clove garlic, minced\r\n    1 teaspoon dried oregano\r\n\r\n    1 teaspoon salt\r\n    1/4 teaspoon ground black pepper\r\n    6 tablespoons olive oil\r\n    1/3 cup finely diced onion\r\n    1/2 cup white wine', 'sauces', 1, '2018-01-23 15:43:55', '2018-01-23 15:43:55'),
(7, 'Garam Masala Seared Salmon with Coconut-Curry Butter', 0x696d616765732f35657574745853564d77797136494a6f47436757423353463433496946326d4e4c646b55555a54332e6a706567, 'Pour white wine, cream, and coconut milk into a saucepan; season with curry powder. Bring to a light boil over medium-high heat, then reduce heat to medium-low, and simmer until the liquid has reduced to 1/2 cup, about 10 minutes.\r\n    When the liquid has reduced, turn heat to low, and whisk in the butter, a few cubes at a time, until all of the butter has incorporated. Do not allow the mixture to boil or else it will separate. When the butter has incorporated, season to taste with salt and set aside to keep warm.\r\n    Heat the oil in a saute pan over medium-high heat until it begins to smoke. While the oil is heating, lightly season both sides of the salmon with garam masala and salt.\r\n    Sear the salmon in the hot oil for 3 to 4 minutes on one side, then turn over, and continue cooking for 2 to 3 minutes until done. Briefly drain on paper towels to absorb excess oil, then serve immediately with the curry butter sauce.', '3/4 cup dry white wine\r\n    1/2 cup heavy cream\r\n    1/3 cup coconut milk\r\n    2 tablespoons curry powder\r\n    1 cup cold, unsalted butter, cut into pieces\r\n\r\n    kosher salt to taste\r\n    1/4 cup vegetable oil\r\n    8 (6 ounce) fillets Alaskan king salmon\r\n    2 tablespoons garam masala\r\n    kosher salt to taste', 'main', 1, '2018-01-23 15:52:20', '2018-01-23 15:52:20'),
(8, 'Clam Chowder', 0x696d616765732f696476464b346f4755336f464a455979534b4a6b6c63596272745863594f346e4947457551614b712e6a706567, 'Drain juice from clams into a large skillet over the onions, celery, potatoes and carrots. Add water to cover, and cook over medium heat until tender.\r\n    Meanwhile, in a large, heavy saucepan, melt the butter over medium heat. Whisk in flour until smooth. Whisk in cream and stir constantly until thick and smooth. Stir in vegetables and clam juice. Heat through, but do not boil.\r\n    Stir in clams just before serving. If they cook too much they get tough. When clams are heated through, stir in vinegar, and season with salt and pepper.', '3 (6.5 ounce) cans minced clams\r\n    1 cup minced onion\r\n    1 cup diced celery\r\n    2 cups cubed potatoes\r\n    1 cup diced carrots\r\n    3/4 cup butter\r\n\r\n    3/4 cup all-purpose flour\r\n    1 quart half-and-half cream\r\n    2 tablespoons red wine vinegar\r\n    1 1/2 teaspoons salt\r\n    ground black pepper to taste', 'soups', 2, '2018-01-23 15:55:36', '2018-01-23 15:55:36'),
(9, 'Broccoli Cheese Soup', 0x696d616765732f6e4a356342504f43484e354c566f47743853684b45415848414d6c51535974654c43496d435a44682e6a706567, 'In a large pot over medium heat, simmer the broccoli in the broth for 15 minutes. In a separate skillet over medium heat, melt the butter or margarine, add the onions and saute for 5 minutes, or to desired tenderness.\r\n    Add the flour to the onions and stir well, forming a pasty substance. Gradually add the milk and stir until thick. Add this mixture to the broccoli mixture in the pot and stir well. Then add the cheese, stirring until melted. Finally, add the pepper. (Note: Be careful not to let the soup boil, or the cheese will break down.)', '3 (10 ounce) packages frozen chopped broccoli\r\n    3 (14.5 ounce) cans chicken broth\r\n    6 tablespoons margarine\r\n    1 onion, chopped\r\n\r\n    1/2 cup all-purpose flour\r\n    2 cups milk\r\n    1 1/2 pounds processed cheese food (eg. Velveeta), cubed\r\n    1 pinch ground white pepper', 'soups', 1, '2018-01-23 15:57:33', '2018-01-23 15:57:33'),
(10, 'Herb Rubbed Sirloin Tip Roast', 0x696d616765732f574c69743177364675366d3932726f587947454247626f62746463514b39724c39574c49335677302e6a706567, 'In a small bowl, mix the paprika, kosher salt, garlic powder, black pepper, onion powder, cayenne pepper, oregano, and thyme. Stir in the olive oil, and allow the mixture to sit about 15 minutes.\r\n    Preheat oven to 350 degrees F (175 degrees C). Line a baking sheet with aluminum foil.\r\n    Place the roast on the prepared baking sheet, and cover on all sides with the spice mixture.\r\n    Roast 1 hour in the preheated oven, or to a minimum internal temperature of 145 degrees F (63 degrees C). Let sit 15 minutes before slicing.', '1 1/4 tablespoons paprika\r\n    1 tablespoon kosher salt\r\n    1 teaspoon garlic powder\r\n    1/2 teaspoon ground black pepper\r\n    1/2 teaspoon onion powder\r\n\r\n    1/2 teaspoon ground cayenne pepper\r\n    1/2 teaspoon dried oregano\r\n    1/2 teaspoon dried thyme\r\n    2 tablespoons olive oil\r\n    1 (3 pound) sirloin tip roast', 'main', 1, '2018-01-23 16:00:26', '2018-01-23 16:00:26'),
(11, 'Mushroom Pork Chops', 0x696d616765732f4438476b68634b476f32674549637233306e674277354f61735a6b4f4d554362517a66634778394a2e6a706567, 'Season pork chops with salt, pepper, and garlic salt to taste.\r\n    In a large skillet, brown the chops over medium-high heat. Add the onion and mushrooms, and saute for one minute. Pour cream of mushroom soup over chops. Cover skillet, and reduce temperature to medium-low. Simmer 20 to 30 minutes, or until chops are cooked through.', '4 pork chops\r\n    salt and pepper to taste\r\n    1 pinch garlic salt, or to taste\r\n\r\n    1 onion, chopped\r\n    1/2 pound fresh mushrooms, sliced\r\n    1 (10.75 ounce) can condensed cream of mushroom soup', 'main', 1, '2018-01-23 16:02:26', '2018-01-23 16:02:26'),
(12, 'Grilled Bacon Jalapeno Wraps', 0x696d616765732f754f4437726d76434c72626a3233594b6b6463344d436772784c6452706539416a3341485937586d2e6a706567, 'Preheat an outdoor grill for high heat.\r\n    Spread cream cheese to fill jalapeno halves. Wrap with bacon. Secure with a toothpick.\r\n    Place on the grill, and cook until bacon is crispy.', '6 fresh jalapeno peppers, halved lengthwise and seeded\r\n    1 (8 ounce) package cream cheese\r\n\r\n    12 slices bacon', 'appetizers', 2, '2018-01-23 16:08:10', '2018-01-23 16:08:10'),
(13, 'Bacon Cheddar Deviled Eggs', 0x696d616765732f726362765345675a7243393548587136336e414c7678694d47514c4c5145316b584765684a4551342e6a706567, 'Place eggs in a saucepan, and cover with cold water. Bring water to a boil and immediately remove from heat. Cover, and let eggs stand in hot water for 10 to 12 minutes. Remove from hot water, and cool. To cool more quickly, rinse eggs under cold running water.\r\n    Meanwhile, place bacon in a large, deep skillet. Cook over medium-high heat until evenly brown. Alternatively, wrap bacon in paper towels and cook in the microwave for about 1 minute per slice. Crumble and set aside.\r\n    Peel the hard-cooked eggs, and cut in half lengthwise. Remove yolks to a small bowl. Mash egg yolks with mayonnaise, crumbled bacon and cheese. Stir in mustard. Fill egg white halves with the yolk mixture and refrigerate until serving.', '12 eggs\r\n    1/2 cup mayonnaise\r\n    4 slices bacon\r\n\r\n    2 tablespoons finely shredded Cheddar cheese\r\n    1 tablespoon mustard', 'appetizers', 2, '2018-01-23 16:09:18', '2018-01-23 16:09:18'),
(14, 'New York Cheesecake', 0x696d616765732f636471314c68726f7149416d4e37526c514751546a7533614377677675756d78635475365a5655662e6a706567, 'Preheat oven to 350 degrees F (175 degrees C). Grease a 9 inch springform pan.\r\n    In a medium bowl, mix graham cracker crumbs with melted butter. Press onto bottom of springform pan.\r\n    In a large bowl, mix cream cheese with sugar until smooth. Blend in milk, and then mix in the eggs one at a time, mixing just enough to incorporate. Mix in sour cream, vanilla and flour until smooth. Pour filling into prepared crust.\r\n    Bake in preheated oven for 1 hour. Turn the oven off, and let cake cool in oven with the door closed for 5 to 6 hours; this prevents cracking. Chill in refrigerator until serving.', '15 graham crackers, crushed\r\n    2 tablespoons butter, melted\r\n    4 (8 ounce) packages cream cheese\r\n    1 1/2 cups white sugar\r\n    3/4 cup milk\r\n\r\n    4 eggs\r\n    1 cup sour cream\r\n    1 tablespoon vanilla extract\r\n    1/4 cup all-purpose flour', 'desserts', 2, '2018-01-23 16:15:32', '2018-01-23 16:15:32'),
(15, 'Chocolate Mousse Cheesecake', 0x696d616765732f577975565931526c6a5a716c6b785a3930615a5a55704737624945554a73534a386839737a796b472e6a706567, 'Grease an 8-inch springform pan that will fit inside the pressure cooker. Mix the chocolate wafer crumbs and cinnamon together. Sprinkle the crumb mixture on the bottom of springform pan, pressing gently to form the crust.\r\n    Melt chocolate and butter together and set aside.\r\n    With a food processor or electric mixer, process cream cheese until smooth. Add chocolate mixture, and process until mixture is well-mixed and uniformly colored. Pour in the cream, vanilla extract, sugar, and eggs. Beat well. Sieve cocoa powder over batter, and pulse or mix on low speed until cocoa is thoroughly incorporated. Pour mixture over crumbs in pan. Cover cake with a piece of waxed paper. Wrap the entire pan with aluminum foil.\r\n    Add water to pressure cooker. Place pan on the trivet in pressure cooker. Seal the cooker and bring it up to 15 pounds (high) pressure. Reduce the heat to maintain the pressure, and cook 45 to 50 minutes. Remove cooker from heat, and let the pressure drop on its own. Remove cheesecake from cooker, and let cool to room temperature in pan on a wire rack.\r\n    Remove cheesecake from pan, and refrigerate for 8 hours before serving.', '1/2 cup chocolate cookie crumbs\r\n    1 pinch ground cinnamon\r\n    8 (1 ounce) squares semisweet chocolate\r\n    1 tablespoon butter\r\n    2 (8 ounce) packages cream cheese, softened\r\n    1 cup heavy whipping cream\r\n\r\n    1 teaspoon vanilla extract\r\n    2/3 cup white sugar\r\n    2 eggs, beaten\r\n    1 1/2 tablespoons unsweetened cocoa powder\r\n    1 1/2 cups water', 'desserts', 1, '2018-01-23 16:17:06', '2018-01-23 16:17:06'),
(16, 'Tomato Bisque with Chicken', 0x696d616765732f54424572316e39563742336239416851454f68325731577a557448344b666f55366c59376e394f4e2e6a706567, 'Heat olive oil in a large pot over medium heat. Cook and stir onion and garlic in hot oil until onion is soft, about 5 minutes. Sprinkle flour evenly over the onion mixture; add tomatoes, chicken broth, oregano, basil, and parsley.\r\n    Bring the liquid to a boil and cook until the tomatoes are softened, 8 to 10 minutes.\r\n    Pour soup into a blender no more than half full. Cover and hold lid in place. Pulse blender a few times before leaving on to blend. Puree soup in batches until smooth and return to the pot.\r\n    Stir chicken, heavy cream, sea salt, and pepper into the soup; simmer until the chicken is hot, about 5 minutes.', '2 tablespoons olive oil\r\n    1 onion, chopped\r\n    4 cloves garlic, chopped\r\n    1/4 cup all-purpose flour\r\n    1 (28 ounce) can Italian-style diced tomatoes\r\n    1 (14.5 ounce) can chicken broth\r\n    1 teaspoon dried oregano\r\n\r\n    1 teaspoon dried basil\r\n    1 teaspoon dried parsley\r\n    2 cups shredded roasted chicken\r\n    1/4 cup heavy whipping cream\r\n    1 teaspoon sea salt, or to taste\r\n    ground black pepper to taste', 'soups', 1, '2018-01-23 16:18:24', '2018-01-23 16:18:24'),
(17, 'Avocado Shrimp Bisque', 0x696d616765732f686a47746247396a756839664d6e644f5450616a7849445a7335476c344434674572446e553654382e6a706567, 'Cut avocados in half. Discard pits. Spoon meat into a small bowl.\r\n    Chop cooked shrimp.\r\n    In a medium saucepan, combine avocado, chicken broth, whole milk, lemon juice, and chopped onion. Heat slowly to boiling, stirring frequently. Add chopped shrimp, along with salt and pepper. Heat through, but do not boil. Remove from heat. Adjust seasonings to taste. May be served hot or cold.', '3 avocados\r\n    1 (14.5 ounce) can chicken broth\r\n    2 cups milk\r\n    1 teaspoon lemon juice\r\n\r\n    2 teaspoons minced onion\r\n    1/2 pound cooked fresh shrimp\r\n    1/8 teaspoon salt\r\n    1/8 teaspoon ground black pepper', 'soups', 1, '2018-01-23 16:19:31', '2018-01-23 16:19:31'),
(18, 'Mini Cheesecakes', 0x696d616765732f756475366837626341374667355375445047716a48586152424469535859333144324e76534f43782e6a706567, 'Preheat oven to 325 degrees F (165 degrees C). Grease a 6-cup muffin pan.\r\n    In a medium bowl, mix together the graham cracker crumbs, sugar, and margarine with a fork until combined. Measure a rounded tablespoon of the mixture into the bottom of each muffin cup, pressing firmly. Bake in the pre-heated oven for 5 minutes, then remove to cool. Keep the oven on.\r\n    Beat together the cream cheese, sugar, lemon juice, lemon zest and vanilla until fluffy. Mix in the egg.\r\n    Pour the cream cheese mixture into the muffin cups, filling each until 3/4 full. Bake at 325 degrees F (165 degrees C) for 25 minutes. Cool completely in pan before removing. Refrigerate until ready to serve.', '1/3 cup graham cracker crumbs\r\n    1 tablespoon white sugar\r\n    1 tablespoon margarine, melted\r\n    Filling:\r\n    1 (8 ounce) package cream cheese, softened\r\n\r\n    1/4 cup white sugar\r\n    1 1/2 teaspoons lemon juice\r\n    1/2 teaspoon grated lemon zest\r\n    1/4 teaspoon vanilla extract\r\n    1 egg', 'desserts', 2, '2018-01-23 16:22:07', '2018-01-23 16:22:07'),
(19, 'Bechamel Sauce', 0x696d616765732f494264646f67436b724972446634734736474331633554467664564f773932316f505043694969512e6a706567, 'Melt butter in a large saucepan over medium heat. Once melted, stir in the flour until smooth. Continue stirring as the flour cooks to a light, golden, sandy color, about 7 minutes.\r\n    Increase heat to medium-high and slowly whisk in milk until thickened by the roux. Bring to a gentle simmer, then reduce heat to medium-low and continue simmering until the flour has softened and not longer tastes gritty, 10 to 20 minutes, then season with salt and nutmeg.', '5 tablespoons butter\r\n    1/4 cup all-purpose flour\r\n    1 quart milk\r\n\r\n    2 teaspoons salt\r\n    1/4 teaspoon freshly grated nutmeg', 'sauces', 2, '2018-01-23 16:27:22', '2018-01-23 16:27:22'),
(20, 'Chinese Chicken Salad', 0x696d616765732f554c356a3479574f665146636a3465376a794a59627034486946667278567178714a4e756c33764a2e6a706567, 'To prepare the dressing, whisk together the hoisin sauce, peanut butter, brown sugar, chili paste, ginger, vinegar, and sesame oil.\r\n    Grill or broil the chicken breasts until cooked, about 10 minutes. An instant-read thermometer inserted into the center should read 165 degrees F (74 degrees C). Cool and slice.\r\n    Preheat oven to 350 degrees F (175 C). Spray a large shallow pan with nonstick vegetable spray; arrange shredded wontons in a single layer and bake until golden brown, about 20 minutes. Cool.\r\n    In a large bowl, combine the chicken, wontons, lettuce, carrots, green onions and cilantro. Toss with dressing and serve.', '3 tablespoons hoisin sauce\r\n    2 tablespoons peanut butter\r\n    2 teaspoons brown sugar\r\n    3/4 teaspoon hot chile paste\r\n    1 teaspoon grated fresh ginger\r\n    3 tablespoons rice wine vinegar\r\n    1 tablespoon sesame oil\r\n\r\n    1 pound skinless, boneless chicken breast halves\r\n    16 (3.5 inch square) wonton wrappers, shredded\r\n    4 cups romaine lettuce - torn, washed and dried\r\n    2 cups shredded carrots\r\n    1 bunch green onions, chopped\r\n    1/4 cup chopped fresh cilantro', 'salads', 1, '2018-01-23 16:28:42', '2018-01-23 16:28:42'),
(21, 'Tiramisu', 0x696d616765732f687541755675727830415177713568336e6d414e4975464532414765345a7243534e68694c644c542e6a706567, 'In a medium saucepan, whisk together egg yolks and sugar until well blended. Whisk in milk and cook over medium heat, stirring constantly, until mixture boils. Boil gently for 1 minute, remove from heat and allow to cool slightly. Cover tightly and chill in refrigerator 1 hour.\r\n    In a medium bowl, beat cream with vanilla until stiff peaks form. Whisk mascarpone into yolk mixture until smooth.\r\n    In a small bowl, combine coffee and rum. Split ladyfingers in half lengthwise and drizzle with coffee mixture.\r\n    Arrange half of soaked ladyfingers in bottom of a 7x11 inch dish. Spread half of mascarpone mixture over ladyfingers, then half of whipped cream over that. Repeat layers and sprinkle with cocoa. Cover and refrigerate 4 to 6 hours, until set.', '6 egg yolks\r\n    3/4 cup white sugar\r\n    2/3 cup milk\r\n    1 1/4 cups heavy cream\r\n    1/2 teaspoon vanilla extract\r\n\r\n    1 pound mascarpone cheese\r\n    1/4 cup strong brewed coffee, room temperature\r\n    2 tablespoons rum\r\n    2 (3 ounce) packages ladyfinger cookies\r\n    1 tablespoon unsweetened cocoa powder', 'desserts', 1, '2018-01-23 16:29:51', '2018-01-23 16:29:51'),
(22, 'Pesto', 0x696d616765732f68325752676c417a556e62514f4876786b7041575a6d50597575716b657a536648436566545755702e6a706567, 'Combine basil, garlic, Parmesan cheese, olive oil, and nuts in the bowl of a food processor or blender. Blend to a smooth paste. Add parsley if desired.', '3 cups packed fresh basil leaves\r\n    4 cloves garlic\r\n    3/4 cup grated Parmesan cheese\r\n\r\n    1/2 cup olive oil\r\n    1/4 cup pine nuts\r\n    1/2 cup chopped fresh parsley (optional)', 'sauces', 2, '2018-01-23 16:32:55', '2018-01-23 16:32:55'),
(23, 'Winter Fruit Salad with Lemon Poppyseed Dressing', 0x696d616765732f48414c63526c797538476e595249304d38694e544c79527939393369787a6c6a445756613475496d2e6a706567, 'In a blender or food processor, combine sugar, lemon juice, onion, mustard, and salt. Process until well blended. With machine still running, add oil in a slow, steady stream until mixture is thick and smooth. Add poppy seeds, and process just a few seconds more to mix.\r\n    In a large serving bowl, toss together the romaine lettuce, shredded Swiss cheese, cashews, dried cranberries, apple, and pear. Pour dressing over salad just before serving, and toss to coat.', '1/2 cup white sugar\r\n    1/2 cup lemon juice\r\n    2 teaspoons diced onion\r\n    1 teaspoon Dijon-style prepared mustard\r\n    1/2 teaspoon salt\r\n    2/3 cup vegetable oil\r\n    1 tablespoon poppy seeds\r\n\r\n    1 head romaine lettuce, torn into bite-size pieces\r\n    4 ounces shredded Swiss cheese\r\n    1 cup cashews\r\n    1/4 cup dried cranberries\r\n    1 apple - peeled, cored and diced\r\n    1 pear - peeled, cored and sliced', 'salads', 2, '2018-01-23 16:34:19', '2018-01-23 16:34:19'),
(24, 'Cranberry Spinach Salad', 0x696d616765732f59674f5a616a74737039576c395430715963636464434c4a426534563468727946754a71706a38532e6a706567, 'In a medium saucepan, melt butter over medium heat. Cook and stir almonds in butter until lightly toasted. Remove from heat, and let cool.\r\n    In a medium bowl, whisk together the sesame seeds, poppy seeds, sugar, onion, paprika, white wine vinegar, cider vinegar, and vegetable oil. Toss with spinach just before serving.\r\n    In a large bowl, combine the spinach with the toasted almonds and cranberries.', '1 tablespoon butter\r\n    3/4 cup almonds, blanched and slivered\r\n    1 pound spinach, rinsed and torn into bite-size pieces\r\n    1 cup dried cranberries\r\n    2 tablespoons toasted sesame seeds\r\n    1 tablespoon poppy seeds\r\n\r\n    1/2 cup white sugar\r\n    2 teaspoons minced onion\r\n    1/4 teaspoon paprika\r\n    1/4 cup white wine vinegar\r\n    1/4 cup cider vinegar\r\n    1/2 cup vegetable oil', 'salads', 1, '2018-01-23 16:35:30', '2018-01-23 16:35:30'),
(25, 'Salmon with Pecan Crunch Coating', 0x696d616765732f554a79624a51364f4e63306452354e734833337661434b35544d65394c3946574d5a4c564d37786b2e6a706567, 'Preheat the oven to 400 degrees F (200 degrees C). In a small bowl, mix together the mustard, butter, and honey. In another bowl, mix together the bread crumbs, pecans, and parsley.\r\n    Season each salmon fillet with salt and pepper. Place on a lightly greased baking sheet. Brush with mustard-honey mixture. Cover the top of each fillet with bread crumb mixture.\r\n    Bake for 10 minutes per inch of thickness, measured at thickest part, or until salmon just flakes when tested with a fork. Serve garnished with lemon wedges.', '3 tablespoons Dijon mustard\r\n    3 tablespoons butter, melted\r\n    5 teaspoons honey\r\n    1/2 cup fresh bread crumbs\r\n    1/2 cup finely chopped pecans\r\n\r\n    3 teaspoons chopped fresh parsley\r\n    6 (4 ounce) fillets salmon\r\n    salt and pepper to taste\r\n    6 lemon wedges', 'main', 1, '2018-01-23 16:37:05', '2018-01-23 16:37:05'),
(26, 'Chocolate Chip Cheesecake', 0x696d616765732f63305765535747486752464c42737937446e706e5232764f6f77504b654534554a7231516538574d2e6a706567, 'Preheat oven to 300 degrees F (150 degrees C). Mix graham cracker crumbs, sugar, butter and cocoa. Press onto bottom and up the sides of a 9 inch springform pan. Set crust aside.\r\n    Beat cream cheese until smooth. Gradually add sweetened condensed milk; beat well. Add vanilla and eggs, and beat on medium speed until smooth. Toss 1/3 of the miniature chocolate chips with the 1 teaspoon flour to coat (this keeps them from sinking to the bottom of the cake). Mix into cheese mixture. Pour into prepared crust. Sprinkle top with remaining chocolate chips.\r\n    Bake at 300 degrees F (150 degrees C) for 1 hour. Turn off oven (do not open oven door) and leave the cake in the oven to cool in the oven for another hour. Remove from oven and cool completely. Refrigerate before removing sides of pan. Keep cake refrigerated until time to serve.', '1 1/2 cups graham cracker crumbs\r\n    1/3 cup white sugar\r\n    1/3 cup unsweetened cocoa powder\r\n    1/3 cup butter, melted\r\n    3 (8 ounce) packages cream cheese\r\n\r\n    1 (14 ounce) can sweetened condensed milk\r\n    3 eggs\r\n    2 teaspoons vanilla extract\r\n    1 cup mini semi-sweet chocolate chips\r\n    1 teaspoon all-purpose flour', 'desserts', 1, '2018-01-25 07:54:06', '2018-01-25 07:54:06'),
(27, 'Mushroom and Ricotta Bruschetta', 0x696d616765732f61576b4a5549326a367471316b61367571484f656b555364527a5a714f7834437667333072576f462e6a706567, 'Preheat oven to 425 degrees F (220 degrees C).\r\n    Mix ricotta, egg, lemon zest, 1/2 teaspoon salt, black pepper, and red pepper flakes in a bowl until smooth.\r\n    Place toasted bread slices on a baking sheet. Sprinkle with 1 tablespoon olive oil and evenly divide ricotta mixture atop 4 bread slices.\r\n    Bake in the preheated oven until cheese is browned, about 12 minutes.\r\n    Heat butter and 1 tablespoon olive oil in a large skillet over medium-high heat; cook and stir mushrooms in mixture until browned, 5 to 6 minutes. Add green onions; cook and stir until softened, 2 to 3 minutes. Stir marsala wine into mixture and cook until reduced by half, about 1 minute.\r\n    Reduce heat to medium-low. Add chicken stock and lemon juice to skillet; cook until liquid has evaporated. Reduce heat to low. Stir in parsley and butter. Season with salt and black pepper to taste.\r\n    Spoon mushroom mixture equally atop 4 slices of ricotta-topped bread slices.', '1 cup ricotta cheese\r\n    1 egg\r\n    1 lemon, zested\r\n    1/2 teaspoon salt\r\n    1 pinch freshly ground black pepper, or to taste\r\n    1 pinch red pepper flakes, or to taste\r\n    4 slices French bread, toasted\r\n    1 tablespoon olive oil\r\n    1 tablespoon butter\r\n\r\n    1 tablespoon olive oil\r\n    16 large white mushrooms, sliced\r\n    1/4 cup green onions, chopped\r\n    1/4 cup Marsala wine\r\n    1/2 cup chicken broth\r\n    2 teaspoons lemon juice\r\n    2 tablespoons chopped Italian parsley\r\n    1 tablespoon butter\r\n    salt and freshly ground black pepper to taste', 'appetizers', 1, '2018-01-25 07:59:33', '2018-01-25 07:59:33'),
(28, 'Thai Coconut Soup', 0x696d616765732f456b42674c6737396f6e504d507771326961464b7245657636624c7830516763354f366167646c6e2e6a706567, 'Heat the oil in a large pot over medium heat. Cook and stir the ginger, lemongrass, and curry paste in the heated oil for 1 minute. Slowly pour the chicken broth over the mixture, stirring continually. Stir in the fish sauce and brown sugar; simmer for 15 minutes. Stir in the coconut milk and mushrooms; cook and stir until the mushrooms are soft, about 5 minutes. Add the shrimp; cook until no longer translucent about 5 minutes. Stir in the lime juice; season with salt; garnish with cilantro.', '1 tablespoon vegetable oil\r\n    2 tablespoons grated fresh ginger\r\n    1 stalk lemon grass, minced\r\n    2 teaspoons red curry paste\r\n    4 cups chicken broth\r\n    3 tablespoons fish sauce\r\n    1 tablespoon light brown sugar\r\n\r\n    3 (13.5 ounce) cans coconut milk\r\n    1/2 pound fresh shiitake mushrooms, sliced\r\n    1 pound medium shrimp - peeled and deveined\r\n    2 tablespoons fresh lime juice\r\n    salt to taste\r\n    1/4 cup chopped fresh cilantro', 'soups', 1, '2018-01-25 08:00:51', '2018-01-25 08:00:51'),
(29, 'Garlic Prime Rib', 0x696d616765732f506b6d4a35657775354471707a45384a437a533974675774367a457a624e6d415a453674545a5a4d2e6a706567, 'Place the roast in a roasting pan with the fatty side up. In a small bowl, mix together the garlic, olive oil, salt, pepper and thyme. Spread the mixture over the fatty layer of the roast, and let the roast sit out until it is at room temperature, no longer than 1 hour.\r\n    Preheat the oven to 500 degrees F (260 degrees C).\r\n    Bake the roast for 20 minutes in the preheated oven, then reduce the temperature to 325 degrees F (165 degrees C), and continue roasting for an additional 60 to 75 minutes. The internal temperature of the roast should be at 135 degrees F (57 degrees C) for medium rare.\r\n    Allow the roast to rest for 10 or 15 minutes before carving so the meat can retain its juices.', '1 (10 pound) prime rib roast\r\n    10 cloves garlic, minced\r\n    2 tablespoons olive oil\r\n\r\n    2 teaspoons salt\r\n    2 teaspoons ground black pepper\r\n    2 teaspoons dried thyme', 'main', 1, '2018-01-25 08:02:19', '2018-01-25 08:02:19'),
(30, 'Pecan Sour Cream Coffee Cake', 0x696d616765732f6837646b7539634b6d7648454148575956447834434b6657664a4f5547366a706f37714a6e6974442e6a706567, 'Preheat oven to 350 degrees F (175 degrees C). Butter an 8-inch by 10-inch baking dish.\r\n    Mix pecans, 1/3 cup white sugar, brown sugar, cinnamon, salt, and melted butter thoroughly in a mixing bowl until all components are coated with butter, 3 to 4 minutes.\r\n    In a separate bowl, whisk together flour, salt, baking powder, and baking soda.\r\n    In another bowl, mix together butter and 1 cup sugar with a spatula until well blended. Add 1 egg and whisk until mixture is smooth, 2 to 3 minutes. Whisk in second egg until thoroughly incorporated. Add vanilla and sour cream; whisk together. Add flour mixture to wet ingredients; whisk until flour disappears (do not over mix).\r\n    Spread one half of the batter evenly into the bottom of the prepared baking dish. Scatter one half of the crumb mixture evenly over the top of the batter. Top with the rest of the batter and spread carefully to evenly distribute, trying not to disturb the crumbs. Top with the rest of the crumb mixture. Very gently press crumbs into batter. Bake in preheated oven until a bamboo skewer comes out clean, 30 to 35 minutes. Let cool slightly before serving.', '1 1/2 cups pecans, finely chopped\r\n    1/3 cup white sugar\r\n    1/3 cup packed light brown sugar\r\n    1 teaspoon cinnamon\r\n    1/8 teaspoon salt\r\n    3 tablespoons melted butter\r\n    Cake:\r\n    1 7/8 cups all-purpose flour\r\n\r\n    1/2 teaspoon fine sea salt\r\n    1 teaspoon baking powder\r\n    3/4 teaspoon baking soda\r\n    1/2 cup butter\r\n    1 cup white sugar\r\n    2 large eggs\r\n    1 1/2 teaspoons vanilla extract\r\n    1 cup sour cream or creme fraiche', 'desserts', 2, '2018-01-25 08:04:12', '2018-01-25 08:04:12'),
(31, 'Double Layer Pumpkin Cheesecake', 0x696d616765732f534f6550365961786d613853727954323338634f337762635350654e4d4c30516c5636555a6b47372e6a706567, 'Preheat oven to 325 degrees F (165 degrees C).\r\n    In a large bowl, combine cream cheese, sugar and vanilla. Beat until smooth. Blend in eggs one at a time. Remove 1 cup of batter and spread into bottom of crust; set aside.\r\n    Add pumpkin, cinnamon, cloves and nutmeg to the remaining batter and stir gently until well blended. Carefully spread over the batter in the crust.\r\n    Bake in preheated oven for 35 to 40 minutes, or until center is almost set. Allow to cool, then refrigerate for 3 hours or overnight. Cover with whipped topping before serving.', '2 (8 ounce) packages cream cheese, softened\r\n    1/2 cup white sugar\r\n    1/2 teaspoon vanilla extract\r\n    2 eggs\r\n    1 (9 inch) prepared graham cracker crust\r\n\r\n    1/2 cup pumpkin puree\r\n    1/2 teaspoon ground cinnamon\r\n    1 pinch ground cloves\r\n    1 pinch ground nutmeg\r\n    1/2 cup frozen whipped topping, thawed', 'desserts', 2, '2018-01-25 08:05:34', '2018-01-25 08:05:34'),
(32, 'Chocolate Cookie Cheesecake', 0x696d616765732f516d714d3876634230436e5865767376793250706938793469344e526e6c49756f6d72574a53356d2e6a706567, 'Combine 2 cups cookie crumbs, melted butter, brown sugar, and cinnamon in a medium bowl; firmly press mixture evenly onto bottom and 1 inch up sides of a 10-inch springform pan. Bake at 350 degrees F (175 degrees C) for 5 minutes; set aside.\r\n    In a large bowl, beat cream cheese until smooth. Gradually mix in 1 1/4 cups sugar, 1/3 cup whipping cream, flour, and 1 teaspoon vanilla. Beat in eggs, one at a time, beating after each addition. Pour 1/3 of batter into prepared pan. Top with 1 1/2 cups cookie pieces; pour in remaining batter.\r\n    Bake at 350 degrees F (175 degrees C) for 45 minutes. Remove cake from oven. Combine sour cream, 1/4 cup sugar, and 1 teaspoon vanilla; spread evenly on cheesecake. Continue baking for 7 minutes. Turn oven off and leave in oven 30 minutes. Remove cheesecake, and let cool completely on a wire rack.\r\n    Combine 1 cup whipping cream and chocolate chips in a saucepan; stir over low heat until chocolate melts, and then stir in 1 teaspoon vanilla. Pour mixture over cheesecake while still warm. Refrigerate until serving time. Should be at least 8 hours for refrigerator time, remove about 1/2 hour to 1 hour before serving, remove ring from springform pan, decorate to choice and get out your fork!', '2 cups chocolate sandwich cookie crumbs\r\n    2 tablespoons butter, melted\r\n    1/4 cup packed brown sugar\r\n    1 teaspoon ground cinnamon\r\n    2 pounds cream cheese, softened\r\n    1 1/4 cups white sugar\r\n    1/3 cup heavy whipping cream\r\n    2 tablespoons all-purpose flour\r\n    1 teaspoon vanilla extract\r\n\r\n    4 eggs\r\n    1 1/2 cups chocolate sandwich cookie crumbs\r\n    16 ounces sour cream\r\n    1/4 cup white sugar\r\n    1 teaspoon vanilla extract\r\n    1 cup heavy whipping cream\r\n    1 1/2 cups semisweet chocolate chips\r\n    1 teaspoon vanilla extract', 'desserts', 2, '2018-01-25 08:06:42', '2018-01-25 08:06:42'),
(33, 'Spring Rolls', 0x696d616765732f5062766d344b4466447962343330373431693679695379744c36383534643352784b306e74436b732e6a706567, 'Soak the vermicelli 30 minutes in warm water; drain.\r\n    In a large bowl, mix the vermicelli, eggs, onion, mushrooms, shrimp, pork, vegetable oil, carrot, crabmeat, bean sprouts, pepper, soy sauce, fish sauce and garlic.\r\n    One by one, moisten the rice wrappers with a damp tea towel and fill with 2 to 3 tablespoons of the vermicelli mixture. Roll the wrappers, and allow them to set for 30 minutes.\r\n    In a large saucepan, heat the oil to 375 degrees F (190 degrees C).\r\n    Fry the spring rolls one or two at a time until golden brown, about 3 minutes. Drain on paper towels.', '2 ounces dry soy vermicelli\r\n    4 eggs, beaten\r\n    1 onion, finely chopped\r\n    2 ounces mushrooms, drained and chopped\r\n    3/4 (4 ounce) can small shrimp, drained and chopped\r\n    1 pound lean ground pork\r\n    2 tablespoons vegetable oil\r\n    1 carrot, shredded\r\n\r\n    2 ounces crabmeat\r\n    3 ounces bean sprouts\r\n    2 pinches ground black pepper\r\n    1 tablespoon soy sauce\r\n    3 tablespoons fish sauce\r\n    1 clove garlic, chopped\r\n    20 rice wrappers (6.5 inch diameter)\r\n    1 quart oil for deep frying', 'appetizers', 2, '2018-01-25 08:08:54', '2018-01-25 08:08:54'),
(34, 'Chocolate Chip Cookies', 0x696d616765732f4b4e7971536c585a69574254367538486b5a4971556831515369384a4877704971365466666444592e6a706567, 'Preheat oven to 350 degrees F (175 degrees C). Sift together the flour and baking soda, set aside.\r\n    In a large bowl, cream together the butter, brown sugar, and white sugar. Beat in the instant pudding mix until blended. Stir in the eggs and vanilla. Blend in the flour mixture. Finally, stir in the chocolate chips and nuts. Drop cookies by rounded spoonfuls onto ungreased cookie sheets.\r\n    Bake for 10 to 12 minutes in the preheated oven. Edges should be golden brown.', '4 1/2 cups all-purpose flour\r\n    2 teaspoons baking soda\r\n    2 cups butter, softened\r\n    1 1/2 cups packed brown sugar\r\n    1/2 cup white sugar\r\n\r\n    2 (3.4 ounce) packages instant vanilla pudding mix\r\n    4 eggs\r\n    2 teaspoons vanilla extract\r\n    4 cups semisweet chocolate chips\r\n    2 cups chopped walnuts (optional)', 'desserts', 2, '2018-01-25 08:10:26', '2018-01-25 08:10:26'),
(35, 'Grilled Marinated Shrimp', 0x696d616765732f38646b427771593372587974654458764f4b3734515476354c797a6b46437a586d4e34354576736e2e6a706567, 'In a mixing bowl, mix together olive oil, parsley, lemon juice, hot sauce, garlic, tomato paste, oregano, salt, and black pepper. Reserve a small amount for basting later. Pour remaining marinade into a large resealable plastic bag with shrimp. Seal, and marinate in the refrigerator for 2 hours.\r\n    Preheat grill for medium-low heat. Thread shrimp onto skewers, piercing once near the tail and once near the head. Discard marinade.\r\n    Lightly oil grill grate. Cook shrimp for 5 minutes per side, or until opaque, basting frequently with reserved marinade.', '1 cup olive oil\r\n    1/4 cup chopped fresh parsley\r\n    1 lemon, juiced\r\n    2 tablespoons hot pepper sauce\r\n    3 cloves garlic, minced\r\n    1 tablespoon tomato paste\r\n\r\n    2 teaspoons dried oregano\r\n    1 teaspoon salt\r\n    1 teaspoon ground black pepper\r\n    2 pounds large shrimp, peeled and deveined with tails attached\r\n    skewers', 'appetizers', 2, '2018-01-25 08:11:37', '2018-01-25 08:11:37'),
(36, 'Baked Dijon Salmon', 0x696d616765732f72586a784b7a46494c30496b5165514c34767952516450736631397565446d5241666b384d5242432e6a706567, 'Preheat oven to 400 degrees F (200 degrees C).\r\n    In a small bowl, stir together butter, mustard, and honey. Set aside. In another bowl, mix together bread crumbs, pecans, and parsley.\r\n    Brush each salmon fillet lightly with honey mustard mixture, and sprinkle the tops of the fillets with the bread crumb mixture.\r\n    Bake salmon 12 to 15 minutes in the preheated oven, or until it flakes easily with a fork. Season with salt and pepper, and garnish with a wedge of lemon.', '1/4 cup butter, melted\r\n    3 tablespoons Dijon mustard\r\n    1 1/2 tablespoons honey\r\n    1/4 cup dry bread crumbs\r\n    1/4 cup finely chopped pecans\r\n\r\n    4 teaspoons chopped fresh parsley\r\n    4 (4 ounce) fillets salmon\r\n    salt and pepper to taste\r\n    1 lemon, for garnish', 'main', 1, '2018-01-25 08:13:30', '2018-01-25 08:13:30'),
(37, 'Chicken Marsala', 0x696d616765732f7a657666694e54684847624d35524f5957567530765359384358673368765549356c6762745858512e6a706567, 'In a shallow dish or bowl, mix together the flour, salt, pepper and oregano. Coat chicken pieces in flour mixture.\r\n    In a large skillet, melt butter in oil over medium heat. Place chicken in the pan, and lightly brown. Turn over chicken pieces, and add mushrooms. Pour in wine and sherry. Cover skillet; simmer chicken 10 minutes, turning once, until no longer pink and juices run clear.', '1/4 cup all-purpose flour for coating\r\n    1/2 teaspoon salt\r\n    1/4 teaspoon ground black pepper\r\n    1/2 teaspoon dried oregano\r\n    4 skinless, boneless chicken breast halves - pounded 1/4 inch thick\r\n\r\n    4 tablespoons butter\r\n    4 tablespoons olive oil\r\n    1 cup sliced mushrooms\r\n    1/2 cup Marsala wine\r\n    1/4 cup cooking sherry', 'main', 1, '2018-01-25 08:15:04', '2018-01-25 08:15:04'),
(38, 'Red Velvet Cake', 0x696d616765732f72527676593464303066675677394f53337479636d365068726d586855337a456b616a4b36754f522e6a706567, 'Preheat oven to 350 degrees F (175 degrees C). Grease two 9-inch round pans.\r\n    Beat shortening and 1 1/2 cups sugar until very light and fluffy. Add eggs and beat well.\r\n    Make a paste of cocoa and red food coloring; add to creamed mixture. Mix salt, 1 teaspoon vanilla, and buttermilk together. Add the flour to the batter, alternating with the buttermilk mixture, mixing just until incorporated. Mix soda and vinegar and gently fold into cake batter. Don\'t beat or stir the batter after this point.\r\n    Pour batter into prepared pans. Bake in preheated oven until a tester inserted into the cake comes out clean, about 30 minutes. Cool cakes completely on wire rack.\r\n    To Make Icing: Cook 5 tablespoons flour and milk over low heat till thick, stirring constantly. Let cool completely! While mixture is cooling, beat 1 cup sugar, butter, and 1 teaspoon vanilla until light and fluffy. Add cooled flour mixture and beat until frosting is a good spreading consistency. Frost cake layers when completely cool.', '1/2 cup shortening\r\n    1 1/2 cups white sugar\r\n    2 eggs\r\n    2 tablespoons cocoa\r\n    4 tablespoons red food coloring\r\n    1 teaspoon salt\r\n    1 teaspoon vanilla extract\r\n    1 cup buttermilk\r\n\r\n    2 1/2 cups sifted all-purpose flour\r\n    1 1/2 teaspoons baking soda\r\n    1 tablespoon distilled white vinegar\r\n    Icing:\r\n    5 tablespoons all-purpose flour\r\n    1 cup milk\r\n    1 cup white sugar\r\n    1 cup butter, room temperature\r\n    1 teaspoon vanilla extract', 'desserts', 1, '2018-01-25 08:16:29', '2018-01-25 08:16:29'),
(39, 'Fettuccine Alfredo with Chicken', 0x696d616765732f754978447942764c5836613439686f4a5147424e41547355744a37756a6849637947433430695a572e6a706567, 'Cook pasta as directed on package.\r\n    Meanwhile, heat large nonstick skillet sprayed with cooking spray on medium-high heat. Add chicken; cook 5 to 7 min. or until chicken is done, stirring occasionally. Remove from skillet. Mix broth and flour in same skillet. Stir in Neufchatel, 2 Tbsp. Parmesan, garlic powder and pepper; cook 2 min. or until mixture boils and thickens, stirring constantly with whisk. Stir in chicken.\r\n    Drain pasta; place in large bowl. Add chicken mixture; toss to coat. Sprinkle with remaining Parmesan.', '1/2 pound fettuccine, uncooked\r\n    1 pound boneless skinless chicken breasts, cut into strips\r\n    1 1/4 cups fat-free, reduced-sodium chicken broth\r\n    4 teaspoons flour\r\n\r\n    4 ounces PHILADELPHIA Neufchatel cheese, cubed\r\n    3 tablespoons KRAFT Grated Parmesan Cheese, divided\r\n    1/4 teaspoon garlic powder\r\n    1/4 teaspoon pepper', 'main', 1, '2018-01-25 08:18:33', '2018-01-25 08:18:33'),
(40, 'Baked Pork Spring Rolls', 0x696d616765732f544c496b3339434d6a4b6b356a4b39756f6935636f4e6642776753486e6b4577466d7634447473382e6a706567, 'Preheat oven to 425 degrees F (220 degrees C).\r\n    Place pork in a medium saucepan. Cook over medium high heat until evenly brown. Remove from heat and drain.\r\n    In a medium bowl, mix together pork, cabbage, carrot, green onions, cilantro, sesame oil, oyster sauce, ginger, garlic and chile sauce.\r\n    Mix cornstarch and water in a small bowl.\r\n    Place approximately 1 tablespoon of the pork mixture in the center of spring roll wrappers. Roll wrappers around the mixture, folding edges inward to close. Moisten fingers in the cornstarch and water mixture, and brush wrapper seams to seal.\r\n    Arrange spring rolls in a single layer on a medium baking sheet. Brush with vegetable oil. Bake in the preheated oven 20 minutes, until hot and lightly browned. For crispier spring rolls, turn after 10 minutes,', '1/2 pound ground pork\r\n    1 cup finely shredded cabbage\r\n    1/4 cup finely shredded carrot\r\n    2 green onions, thinly sliced\r\n    2 tablespoons chopped fresh cilantro\r\n    1/2 teaspoon sesame oil\r\n    1/2 tablespoon oyster sauce\r\n\r\n    2 teaspoons grated fresh ginger root\r\n    1 1/2 teaspoons minced garlic\r\n    1 teaspoon chile sauce\r\n    1 tablespoon cornstarch\r\n    1 tablespoon water\r\n    12 (7 inch square) spring roll wrappers\r\n    4 teaspoons vegetable oil', 'appetizers', 1, '2018-01-25 08:20:19', '2018-01-25 08:20:19');
INSERT INTO `recipes` (`id`, `title`, `image`, `description`, `ingredients`, `category`, `user_id`, `created_at`, `updated_at`) VALUES
(41, 'Chicken Parmesan', 0x696d616765732f3758576b524878674a34794c6459436a6f4c6d52537765563847565954324c733861756554557a392e6a706567, 'Preheat an oven to 450 degrees F (230 degrees C).\r\n    Place chicken breasts between two sheets of heavy plastic (resealable freezer bags work well) on a solid, level surface. Firmly pound chicken with the smooth side of a meat mallet to a thickness of 1/2-inch. Season chicken thoroughly with salt and pepper.\r\n    Beat eggs in a shallow bowl and set aside.\r\n    Mix bread crumbs and 1/2 cup Parmesan cheese in a separate bowl, set aside.\r\n    Place flour in a sifter or strainer; sprinkle over chicken breasts, evenly coating both sides.\r\n    Dip flour coated chicken breast in beaten eggs. Transfer breast to breadcrumb mixture, pressing the crumbs into both sides. Repeat for each breast. Set aside breaded chicken breasts for about 15 minutes.\r\n    Heat 1 cup olive oil in a large skillet on medium-high heat until it begins to shimmer. Cook chicken until golden, about 2 minutes on each side. The chicken will finish cooking in the oven.\r\n    Place chicken in a baking dish and top each breast with about 1/3 cup of tomato sauce. Layer each chicken breast with equal amounts of mozzarella cheese, fresh basil, and provolone cheese. Sprinkle 1 to 2 tablespoons of Parmesan cheese on top and drizzle with 1 tablespoon olive oil.\r\n    Bake in the preheated oven until cheese is browned and bubbly, and chicken breasts are no longer pink in the center, 15 to 20 minutes. An instant-read thermometer inserted into the center should read at least 165 degrees F (74 degrees C).', '4 skinless, boneless chicken breast halves\r\n    salt and freshly ground black pepper to taste\r\n    2 eggs\r\n    1 cup panko bread crumbs, or more as needed\r\n    1/2 cup grated Parmesan cheese\r\n    2 tablespoons all-purpose flour, or more if needed\r\n    1 cup olive oil for frying\r\n\r\n    1/2 cup prepared tomato sauce\r\n    1/4 cup fresh mozzarella, cut into small cubes\r\n    1/4 cup chopped fresh basil\r\n    1/2 cup grated provolone cheese\r\n    1/4 cup grated Parmesan cheese\r\n    1 tablespoon olive oil', 'main', 1, '2018-01-25 08:21:40', '2018-01-25 08:21:40'),
(42, 'Fudge Truffle Cheesecake', 0x696d616765732f596d63436147306f594369313638573774506f455164567365667a7565786676684a316e424b68392e6a706567, 'Preheat oven to 300 degrees F (150 degrees C).\r\n    In a large mixing bowl, mix together crushed vanilla wafers, confectioners\' sugar, cocoa, and butter by hand. Press ingredients into a 9-inch springform pan.\r\n    In the top of a double boiler, melt the chocolate chips, making sure that they are very smooth.\r\n    In a large bowl, beat cream cheese until fluffy with an electric mixer. Gradually beat in condensed milk until smooth. Mix in melted chocolate, eggs, and vanilla. Beat with electric mixer on low speed until the ingredients are thoroughly blended. Pour the filling into the prepared crust.\r\n    Bake at 300 degrees F (150 degrees C) for 55 minutes. The cake will seem underbaked in the center, but will continue to cook after you remove it from the oven.\r\n    Allow to cool to room temperature, then refrigerate for several hours before serving.', '1 1/2 cups vanilla wafer crumbs\r\n    1/2 cup confectioners\' sugar\r\n    1/3 cup unsweetened cocoa powder\r\n    1/3 cup butter, softened\r\n    2 cups semi-sweet chocolate chips\r\n\r\n    3 (8 ounce) packages cream cheese, room temperature\r\n    1 (14 ounce) can sweetened condensed milk\r\n    4 eggs\r\n    2 teaspoons vanilla extract', 'desserts', 2, '2018-01-25 08:23:15', '2018-01-25 08:23:15'),
(43, 'Chocolate Cakes with Liquid Centers', 0x696d616765732f4d554b3454733443554747796a687641737854724c6863656972527970374b4a714a7945585745452e6a706567, 'Preheat oven to 450 degrees F (230 degrees C). Butter and flour four 4 ounce ramekins or custard cups.\r\n    In the top half of a double boiler set over simmering water, heat the butter and the chocolate until chocolate is almost completely melted.\r\n    Beat the eggs, egg yolks and sugar together until light colored and thick.\r\n    Beat together the melted chocolate and butter. While beating, slowly pour the chocolate mixture into the egg mixture, then quickly beat in the flour and mix until just combined.\r\n    Divide the batter between the four molds and bake at 450 degrees F (230 degrees C) for 6 to 7 minutes. The centers of the cakes will still be quite soft. Invert cakes on serving plates and let sit for about 15 seconds, then unmold. Serve immediately with fresh whipped cream, if desired.', '1/2 cup butter\r\n    4 (1 ounce) squares bittersweet chocolate\r\n    2 eggs\r\n\r\n    2 egg yolks\r\n    1/4 cup white sugar\r\n    2 teaspoons all-purpose flour', 'desserts', 2, '2018-01-25 08:24:30', '2018-01-25 08:24:30'),
(44, 'Chicken Milano', 0x696d616765732f61364542374a6c4f79793648364e487135444375597a7661664b45453433746b5a567834564753542e6a706567, 'In a large saucepan over low heat, melt butter; add garlic and cook for 30 seconds. Add the tomatoes and 3/4 cup of the chicken broth; increase to medium heat and bring to a boil. Reduce heat and simmer, uncovered, for about 10 minutes or until the tomatoes are tender. Add the cream and bring to a boil; stirring. Simmer over medium heat until the sauce is thick enough to coat the back of a spoon.\r\n    Sprinkle the chicken with salt and pepper on both sides. In a large skillet over medium heat, warm oil and saute chicken. Press on chicken occasionally with a slotted spatula. Cook for about 4 minutes per side or until the meat feels springy and is no longer pink inside. Transfer to a board; cover and keep warm. Discard the fat from the skillet.\r\n    In the same skillet, over medium heat, bring 1/4 cup chicken broth to a boil; stirring the pan juices. Reduce slightly and add to the cream sauce; stir in basil and adjust seasonings to taste.\r\n    Meanwhile, bring a large pot of lightly salted water to a boil. Add fettuccine and cook for 8 to 10 minutes or until al dente; drain, transfer to a bowl and toss with 3 to 4 tablespoons of the sauce.\r\n    Cut each chicken breast into 2 to 3 diagonal slices. Reheat the sauce gently if needed. Transfer the pasta to serving plates; top with chicken and coat with the cream sauce; serve.', '1 tablespoon butter\r\n    2 cloves garlic, minced\r\n    1/2 cup sun-dried tomatoes, chopped\r\n    1 cup chicken broth, divided\r\n    1 cup heavy cream\r\n\r\n    1 pound skinless, boneless chicken breast halves\r\n    salt and pepper to taste\r\n    2 tablespoons vegetable oil\r\n    2 tablespoons chopped fresh basil\r\n    8 ounces dry fettuccini pasta', 'main', 2, '2018-01-25 08:25:42', '2018-01-25 08:25:42'),
(45, 'Apple Coleslaw', 0x696d616765732f4b4f6d4e6a38724e624d4c32304c6542794a7538694b6b4a32426a3648756c564247306b733945772e6a706567, 'In a large bowl, combine cabbage, red apple, green apple, carrot, red bell pepper, and green onions. In a small bowl, mix together mayonnaise, brown sugar, and lemon juice. Pour dressing over salad.', '3 cups chopped cabbage\r\n    1 unpeeled red apple, cored and chopped\r\n    1 unpeeled Granny Smith apple, cored and chopped\r\n    1 carrot, grated\r\n    1/2 cup finely chopped red bell pepper\r\n\r\n    2 green onions, finely chopped\r\n    1/3 cup mayonnaise\r\n    1/3 cup brown sugar\r\n    1 tablespoon lemon juice, or to taste', 'salads', 1, '2018-01-25 08:27:35', '2018-01-25 08:27:35'),
(46, 'Steak and Cheese Egg Rolls', 0x696d616765732f706f326a4571374164494b4f3961764f715330586d4c4f7557786a585644484c69474d69746278772e6a706567, 'Cook and stir half of the shaved steak in a large skillet over medium heat until browned, 3 to 5 minutes. Transfer to a plate. Repeat with remaining steak. Drain juices from the steak; cut into small pieces.\r\n    Combine steak, American cheese, green bell pepper, red bell pepper, and yellow bell pepper in a bowl. Season with salt and pepper.\r\n    Lay 1 egg roll wrapper on a flat surface in the shape of a diamond. Place a large spoonful of the steak mixture in the center. Fold the bottom corner and opposing sides over the steak mixture; roll up wrapper towards the top corner. Repeat with remaining egg roll wrappers and steak mixture.\r\n    Heat oil in a deep-fryer or large saucepan. Place a few egg rolls in the hot oil, seam-side down. Fry, turning occasionally, until golden brown, 2 to 3 minutes. Repeat with remaining rolls.', '2 pounds shaved steak\r\n    6 slices American cheese\r\n    1 green bell pepper, chopped\r\n    1 red bell pepper, chopped\r\n\r\n    1 yellow bell pepper, chopped\r\n    salt and ground black pepper to taste\r\n    1 (16 ounce) package egg roll wrappers\r\n    2 cups vegetable oil for frying', 'appetizers', 1, '2018-01-25 08:29:10', '2018-01-25 08:29:10'),
(47, 'Mouth-Watering Stuffed Mushrooms', 0x696d616765732f4e62663545464e4b726268465443354f32684e4b43504f4773577a53626468517052746f7636504d2e6a706567, 'Preheat oven to 350 degrees F (175 degrees C). Spray a baking sheet with cooking spray. Clean mushrooms with a damp paper towel. Carefully break off stems. Chop stems extremely fine, discarding tough end of stems.\r\n    Heat oil in a large skillet over medium heat. Add garlic and chopped mushroom stems to the skillet. Fry until any moisture has disappeared, taking care not to burn garlic. Set aside to cool.\r\n    When garlic and mushroom mixture is no longer hot, stir in cream cheese, Parmesan cheese, black pepper, onion powder and cayenne pepper. Mixture should be very thick. Using a little spoon, fill each mushroom cap with a generous amount of stuffing. Arrange the mushroom caps on prepared cookie sheet.\r\n    Bake for 20 minutes in the preheated oven, or until the mushrooms are piping hot and liquid starts to form under caps.', '12 whole fresh mushrooms\r\n    1 tablespoon vegetable oil\r\n    1 tablespoon minced garlic\r\n    1 (8 ounce) package cream cheese, softened\r\n\r\n    1/4 cup grated Parmesan cheese\r\n    1/4 teaspoon ground black pepper\r\n    1/4 teaspoon onion powder\r\n    1/4 teaspoon ground cayenne pepper', 'appetizers', 1, '2018-01-25 08:30:42', '2018-01-25 08:30:42'),
(48, 'Burgundy Pork Tenderloin', 0x696d616765732f76756173485648655044654d6c754a396642683032437a3568636f63337371704576544c395a73752e6a706567, 'Preheat oven to 350 degrees F (175 degrees C).\r\n    Place pork in a 9x13 inch baking dish, and sprinkle meat with salt, pepper and garlic powder. Top with onion and celery, and pour wine over all.\r\n    Bake in the preheated oven for 45 minutes.\r\n    When done baking, remove meat from baking dish, and place on a serving platter. Pour gravy mix into baking dish with wine and cooking juices, and stir until thickened. Slice meat, and cover with the gravy.', '2 pounds pork tenderloin\r\n    1/2 teaspoon salt\r\n    1/2 teaspoon ground black pepper\r\n    1/2 teaspoon garlic powder\r\n\r\n    1/2 onion, thinly sliced\r\n    1 stalk celery, chopped\r\n    2 cups red wine\r\n    1 (.75 ounce) packet dry brown gravy mix', 'main', 1, '2018-01-25 08:36:16', '2018-01-25 08:36:16'),
(49, 'Chocolate Turtles Cheesecake', 0x696d616765732f6d616777426a35386273493451426163656b5a5335534d5631717876766462356d7654313947445a2e6a706567, 'Preheat oven to 350 degrees F (175 degrees C). In a large bowl, mix together the cookie crumbs and melted butter. Press into the bottom of a 9 inch springform pan.\r\n    In a heavy saucepan over low heat, melt the caramels with the evaporated milk. Heat and stir frequently until smooth. Pour caramel sauce into crust, and top with pecans.\r\n    In a large bowl, combine cream cheese, sugar and vanilla; beat well until smooth. Add eggs one at a time, mixing well after each addition. Melt the chocolate, and blend into cream cheese mixture. Pour chocolate batter over pecans.\r\n    Bake in preheated oven for 40 to 50 minutes, or until filling is set. Loosen cake from the edges of pan, but do not remove rim until cooled to prevent the top from cracking. Chill in refrigerator for 4 hours, or overnight.', '2 cups vanilla wafer crumbs\r\n    2 tablespoons unsalted butter, melted\r\n    1 (14 ounce) package individually wrapped caramels\r\n    1 (5 ounce) can evaporated milk\r\n    1 cup chopped pecans\r\n\r\n    2 (8 ounce) packages cream cheese, softened\r\n    1/2 cup white sugar\r\n    1 teaspoon vanilla extract\r\n    2 eggs\r\n    1/2 cup semisweet chocolate chips', 'desserts', 1, '2018-01-25 08:37:30', '2018-01-25 08:37:30'),
(50, 'Coconut Shrimp', 0x696d616765732f6743664d6a4b6e7342796e46546453424c6231347073736a7877564d434b705a716d786334794f642e6a706567, 'In medium bowl, combine egg, 1/2 cup flour, beer and baking powder. Place 1/4 cup flour and coconut in two separate bowls.\r\n    Hold shrimp by tail, and dredge in flour, shaking off excess flour. Dip in egg/beer batter; allow excess to drip off. Roll shrimp in coconut, and place on a baking sheet lined with wax paper. Refrigerate for 30 minutes. Meanwhile, heat oil to 350 degrees F (175 degrees C) in a deep-fryer.\r\n    Fry shrimp in batches: cook, turning once, for 2 to 3 minutes, or until golden brown. Using tongs, remove shrimp to paper towels to drain. Serve warm with your favorite dipping sauce.', '1 egg\r\n    1/2 cup all-purpose flour\r\n    2/3 cup beer\r\n    1 1/2 teaspoons baking powder\r\n\r\n    1/4 cup all-purpose flour\r\n    2 cups flaked coconut\r\n    24 shrimp\r\n    3 cups oil for frying', 'appetizers', 1, '2018-01-25 08:38:35', '2018-01-25 08:38:35');

-- --------------------------------------------------------

--
-- Table structure for table `users`
--

CREATE TABLE `users` (
  `id` int(10) UNSIGNED NOT NULL,
  `name` varchar(255) COLLATE utf8mb4_unicode_ci NOT NULL,
  `email` varchar(255) COLLATE utf8mb4_unicode_ci NOT NULL,
  `password` varchar(255) COLLATE utf8mb4_unicode_ci NOT NULL,
  `admin` tinyint(1) NOT NULL DEFAULT '0',
  `remember_token` varchar(100) COLLATE utf8mb4_unicode_ci DEFAULT NULL,
  `created_at` timestamp NULL DEFAULT NULL,
  `updated_at` timestamp NULL DEFAULT NULL
) ENGINE=InnoDB DEFAULT CHARSET=utf8mb4 COLLATE=utf8mb4_unicode_ci;

--
-- Dumping data for table `users`
--

INSERT INTO `users` (`id`, `name`, `email`, `password`, `admin`, `remember_token`, `created_at`, `updated_at`) VALUES
(1, 'Boyan', 'boyan@mail.com', '$2y$10$itOvCPN/hHnz36LUmh3WNOwz73oWB6iWGSVqNYxgCRX.1WCIc6kIi', 1, '23LfIGT7VKyqWPGjwSbPcL0whlcDHEzjk6c3uIZSZg2f2MQKZU0XIAZclWzY', '2018-01-23 19:33:56', '2018-01-23 19:33:56'),
(2, 'Geri', 'geri@mail.com', '$2y$10$hZ5ShjzaciMG1InI1DeLduEpktzVXpUHlQQ4DkG8zpKyKFr9M.Ez6', 1, 'zBbnuSxpee0EcLCTMhS6r6tZvS1VJth1Idxp0WAWB8anSmJM6tQDiJOjRFAE', '2018-01-23 19:34:10', '2018-01-23 19:34:10'),
(3, 'Random', 'random@mail.com', '$2y$10$SIM2QKPuHJ6jPz4MEINxrOIxDW19LYPn31gXVrakXzpH.pZEPkH5S', 0, '1hn9JTuUrJmWglFoPHn5LiRE17Klmgax2b7ejTfsDadV0GRzxntKbx9rXQ6G', '2018-01-24 19:22:14', '2018-01-24 19:22:14');

--
-- Indexes for dumped tables
--

--
-- Indexes for table `comments`
--
ALTER TABLE `comments`
  ADD PRIMARY KEY (`id`);

--
-- Indexes for table `favourites`
--
ALTER TABLE `favourites`
  ADD PRIMARY KEY (`id`),
  ADD UNIQUE KEY `favourites_recipe_id_user_id_unique` (`recipe_id`,`user_id`),
  ADD KEY `favourites_recipe_id_index` (`recipe_id`),
  ADD KEY `favourites_user_id_index` (`user_id`);

--
-- Indexes for table `migrations`
--
ALTER TABLE `migrations`
  ADD PRIMARY KEY (`id`);

--
-- Indexes for table `password_resets`
--
ALTER TABLE `password_resets`
  ADD KEY `password_resets_email_index` (`email`);

--
-- Indexes for table `recipes`
--
ALTER TABLE `recipes`
  ADD PRIMARY KEY (`id`);

--
-- Indexes for table `users`
--
ALTER TABLE `users`
  ADD PRIMARY KEY (`id`),
  ADD UNIQUE KEY `users_email_unique` (`email`);

--
-- AUTO_INCREMENT for dumped tables
--

--
-- AUTO_INCREMENT for table `comments`
--
ALTER TABLE `comments`
  MODIFY `id` int(10) UNSIGNED NOT NULL AUTO_INCREMENT, AUTO_INCREMENT=15;
--
-- AUTO_INCREMENT for table `favourites`
--
ALTER TABLE `favourites`
  MODIFY `id` int(10) UNSIGNED NOT NULL AUTO_INCREMENT, AUTO_INCREMENT=25;
--
-- AUTO_INCREMENT for table `migrations`
--
ALTER TABLE `migrations`
  MODIFY `id` int(10) UNSIGNED NOT NULL AUTO_INCREMENT, AUTO_INCREMENT=6;
--
-- AUTO_INCREMENT for table `recipes`
--
ALTER TABLE `recipes`
  MODIFY `id` int(10) UNSIGNED NOT NULL AUTO_INCREMENT, AUTO_INCREMENT=51;
--
-- AUTO_INCREMENT for table `users`
--
ALTER TABLE `users`
  MODIFY `id` int(10) UNSIGNED NOT NULL AUTO_INCREMENT, AUTO_INCREMENT=4;
/*!40101 SET CHARACTER_SET_CLIENT=@OLD_CHARACTER_SET_CLIENT */;
/*!40101 SET CHARACTER_SET_RESULTS=@OLD_CHARACTER_SET_RESULTS */;
/*!40101 SET COLLATION_CONNECTION=@OLD_COLLATION_CONNECTION */;
